db_index	motif_id	motif_alt_id	consensus	E-value	adj_p-value	log_adj_p-value	bin_location	bin_width	total_width	sites_in_bin	total_sites	p_success	p-value	mult_tests	neg_sites_in_bin	neg_sites	neg_adj_pvalue	log_neg_adj_pvalue	fisher_adj_pvalue	log_fisher_adj_pvalue
   3	FOXA1_HUMAN.H11MO.0.A		TGTTTACWYWGB	2.0e-109	   1.6e-112	        -257.45	         0.0	    213.0	        489	        3452	       5919	  0.43558	6.4e-115	       244	        4117	       6337	3.4e-255	        -585.93	1.0e0	           0.00	
   3	FOXA2_HUMAN.H11MO.0.A		TGTTTACWYWGB	4.4e-106	   3.5e-109	        -249.72	         0.0	    213.0	        489	        3413	       5868	  0.43558	1.4e-111	       244	        4098	       6272	2.0e-261	        -600.27	1.0e0	           0.00	
   3	AP2A_HUMAN.H11MO.0.A		ATKSCCTGRGGSHAD	4.8e-102	   3.8e-105	        -240.43	         0.0	    276.0	        486	        4230	       5992	  0.56790	1.6e-107	       242	        2573	       4287	2.4e-3	          -6.03	1.2e-26	         -59.73	
   2	1-SCCYSRGGS	STREME-1	SCCYSRGGS	1.4e-91	   1.1e-94	        -216.31	         0.0	    276.0	        492	        4282	       6203	  0.56098	4.7e-97	       245	        3004	       5307	1.0e0	           0.00	4.8e-41	         -92.83	
   3	FOXA3_HUMAN.H11MO.0.B		CHTGTTTACWTWG	9.4e-90	   7.5e-93	        -212.13	         0.0	    214.0	        488	        3446	       6031	  0.43852	3.1e-95	       243	        4030	       6407	1.0e-203	        -467.39	1.0e0	           0.00	
   3	AP2C_HUMAN.H11MO.0.A		VTGSCCTGRGGSHR	9.6e-89	   7.6e-92	        -209.80	         0.0	    275.0	        487	        4084	       5872	  0.56468	3.1e-94	       243	        2198	       3800	1.0e0	          -0.00	1.2e-29	         -66.60	
   1	SCYYCAGGS	MEME-1	SCYYCAGGS	1.7e-84	   1.4e-87	        -200.02	         0.0	    276.0	        492	        4312	       6298	  0.56098	5.5e-90	       245	        3449	       6048	1.0e0	          -0.00	2.2e-37	         -84.40	
   3	MA0033.2	FOXL1	RTAAACA	2.4e-84	   1.9e-87	        -199.66	         0.0	    162.0	        494	        2715	       5997	  0.32794	7.9e-90	       246	        3221	       6406	3.7e-181	        -415.46	1.0e0	           0.00	
   3	MA0524.2	TFAP2C	YGCCYBVRGGCA	1.5e-80	   1.2e-83	        -190.93	         0.0	    269.0	        489	        3992	       5910	  0.55010	4.9e-86	       244	        2278	       4058	1.0e0	          -0.00	1.0e-28	         -64.44	
   3	MA1683.1	FOXA3	DWGTAAACANN	3.1e-77	   2.5e-80	        -183.30	         0.0	    218.0	        490	        3429	       6032	  0.44490	1.0e-82	       244	        4001	       6404	1.8e-181	        -416.18	1.0e0	           0.00	
   3	MA0811.1	TFAP2B	YGCCCBVRGGCA	2.4e-76	   1.9e-79	        -181.27	         0.0	    277.0	        489	        4007	       5817	  0.56646	7.7e-82	       244	        2160	       3721	1.0e0	          -0.00	8.2e-25	         -55.46	
   3	MA0148.4	FOXA1	WWGTAAACATNN	3.6e-76	   2.8e-79	        -180.86	         0.0	    219.0	        489	        3415	       5978	  0.44785	1.2e-81	       244	        3910	       6379	6.3e-152	        -348.16	1.0e0	           0.00	
   3	MA0042.2	FOXI1	GTAAACA	6.2e-75	   4.9e-78	        -178.01	         0.0	    218.0	        494	        3305	       5850	  0.44130	2.0e-80	       246	        3877	       6286	2.4e-169	        -388.28	1.0e0	           0.00	
   3	MA0845.1	FOXB1	WATGTAAATAT	1.6e-73	   1.2e-76	        -174.78	         0.0	    196.0	        490	        2947	       5622	  0.40000	5.1e-79	       244	        3627	       6276	5.8e-175	        -401.19	1.0e0	           0.00	
   3	MA0846.1	FOXC2	WAWGTAAACAWW	4.5e-72	   3.6e-75	        -171.42	         0.0	    217.0	        489	        3395	       6026	  0.44376	1.5e-77	       244	        4023	       6436	2.9e-185	        -424.91	1.0e0	           0.00	
   3	FOXM1_HUMAN.H11MO.0.A		TGTTTRCTYWKB	5.3e-72	   4.2e-75	        -171.26	         0.0	    213.0	        489	        3488	       6314	  0.43558	1.7e-77	       244	        3943	       6510	9.2e-165	        -377.71	1.0e0	           0.00	
   3	MA0481.3	FOXP1	NDGTAAACANH	3.4e-71	   2.7e-74	        -169.40	         0.0	    218.0	        490	        3396	       6022	  0.44490	1.1e-76	       244	        3923	       6406	5.1e-157	        -359.87	1.0e0	           0.00	
   3	MA0047.3	FOXA2	RWGTAAACANN	8.9e-71	   7.1e-74	        -168.43	         0.0	    220.0	        490	        3405	       5996	  0.44898	2.9e-76	       244	        4007	       6380	3.3e-179	        -410.97	1.0e0	           0.00	
   3	MA0812.1	TFAP2B	HGCCTSAGGCD	1.2e-70	   9.4e-74	        -168.15	         0.0	    274.0	        490	        3575	       5227	  0.55918	3.8e-76	       244	        1540	       2673	1.0e0	          -0.00	5.9e-19	         -41.97	
   3	MA0810.1	TFAP2A	YGCCCBVRGGCR	4.6e-70	   3.7e-73	        -166.79	         0.0	    277.0	        489	        3937	       5750	  0.56646	1.5e-75	       244	        2093	       3686	1.0e0	           0.00	2.2e-28	         -63.68	
   3	MA1103.2	FOXK2	DDGTAAACANN	5.7e-68	   4.5e-71	        -161.97	         0.0	    226.0	        490	        3491	       6046	  0.46122	1.9e-73	       244	        3950	       6383	1.5e-138	        -317.38	1.0e0	           0.00	
   3	MA0848.1	FOXO4	GTAAACA	1.2e-67	   9.7e-71	        -161.22	         0.0	    218.0	        494	        3367	       6042	  0.44130	3.9e-73	       246	        3859	       6386	3.3e-148	        -339.60	1.0e0	           0.00	
   3	MA0032.2	FOXC1	WAWGTAAAYAW	1.7e-67	   1.3e-70	        -160.90	         0.0	    222.0	        490	        3347	       5864	  0.45306	5.4e-73	       244	        4001	       6377	9.3e-170	        -389.21	1.0e0	           0.00	
   3	MA0847.3	FOXD2	SYTAARYAAACA	1.7e-66	   1.3e-69	        -158.58	         0.0	    259.0	        489	        3376	       5172	  0.52965	5.5e-72	       244	        4060	       5845	2.7e-143	        -328.29	1.0e0	           0.00	
   3	MA0849.1	FOXO6	GTAAACA	4.1e-66	   3.3e-69	        -157.70	         0.0	    218.0	        494	        2981	       5287	  0.44130	1.3e-71	       246	        3518	       5802	4.6e-138	        -316.24	1.0e0	           0.00	
   3	MA0850.1	FOXP3	RTAAACA	8.9e-65	   7.1e-68	        -154.62	         0.0	    212.0	        494	        3385	       6262	  0.42915	2.9e-70	       246	        3846	       6493	3.7e-151	        -346.38	1.0e0	           0.00	
   3	MA1607.1	Foxl2	DDWATGTAAACANN	1.0e-63	   8.2e-67	        -152.17	         0.0	    223.0	        487	        3391	       5932	  0.45791	3.4e-69	       243	        3916	       6353	2.4e-139	        -319.17	1.0e0	           0.00	
   3	MA0851.1	Foxj3	NDAADGTAAACAAANNM	5.8e-62	   4.6e-65	        -148.14	         0.0	    218.0	        484	        3067	       5398	  0.45041	1.9e-67	       241	        3657	       5967	1.3e-137	        -315.21	1.0e0	           0.00	
   3	MA1606.1	Foxf1	DWRTAAACANN	1.2e-59	   9.5e-63	        -142.82	         0.0	    222.0	        490	        3376	       5999	  0.45306	3.9e-65	       244	        3899	       6418	1.1e-133	        -306.19	1.0e0	           0.00	
   3	MA0614.1	Foxj2	RTAAACAA	2.0e-56	   1.6e-59	        -135.38	         0.0	    219.0	        493	        3205	       5797	  0.44422	6.5e-62	       246	        3743	       6227	7.8e-134	        -306.49	1.0e0	           0.00	
   3	MA0480.2	Foxo1	NDGTAAACANN	2.3e-55	   1.8e-58	        -132.94	         0.0	    234.0	        490	        3633	       6250	  0.47755	7.5e-61	       244	        3980	       6466	1.4e-107	        -246.03	1.0e0	           0.00	
   3	MA0157.3	Foxo3	NDGTAAACARNN	4.3e-54	   3.4e-57	        -130.01	         0.0	    233.0	        489	        3557	       6132	  0.47648	1.4e-59	       244	        4001	       6418	2.4e-121	        -277.72	1.0e0	           0.00	
   3	MA0003.4	TFAP2A	NNKGCCTCAGGCNN	4.0e-51	   3.1e-54	        -123.19	         0.0	    259.0	        487	        3765	       5944	  0.53183	1.3e-56	       243	        2378	       4534	1.0e0	           0.00	7.1e-27	         -60.22	
   3	FOXP2_HUMAN.H11MO.0.C		BTGTTTACH	2.9e-50	   2.3e-53	        -121.21	         0.0	    234.0	        492	        3578	       6223	  0.47561	9.4e-56	       245	        3899	       6454	6.2e-93	        -212.32	1.0e0	           0.00	
   3	FOXJ2_HUMAN.H11MO.0.C		TGTTTRTTTW	3.0e-50	   2.4e-53	        -121.16	         0.0	    209.0	        491	        2833	       5317	  0.42566	9.8e-56	       245	        3510	       6011	1.3e-131	        -301.39	1.0e0	           0.00	
   3	FOXO3_HUMAN.H11MO.0.B		BYTGTTTACH	4.0e-50	   3.2e-53	        -120.88	         0.0	    219.0	        491	        3310	       6055	  0.44603	1.3e-55	       245	        3635	       6338	1.0e-89	        -204.93	1.0e0	           0.00	
   3	MA0852.2	FOXK1	NRDGTAAACAAGNN	7.4e-46	   5.9e-49	        -111.05	         0.0	    225.0	        487	        3303	       5901	  0.46201	2.4e-51	       243	        3733	       6226	7.9e-103	        -235.09	1.0e0	           0.00	
   3	MA0031.1	FOXD1	GTAAACAW	6.4e-43	   5.1e-46	        -104.28	         0.0	    211.0	        493	        2644	       4980	  0.42799	2.1e-48	       246	        3262	       5628	3.0e-113	        -259.08	1.0e0	           0.00	
   3	MA1569.1	TFAP2E	YGCCYSRGGCD	2.3e-41	   1.8e-44	        -100.72	         0.0	    274.0	        490	        1798	       2580	  0.55918	7.4e-47	       244	         355	        581	7.9e-1	          -0.23	1.1e-2	          -4.52	
   3	MA1487.2	FOXE1	VYTAAAYAAACAAH	4.1e-41	   3.3e-44	        -100.13	         0.0	    211.0	        487	        2747	       5158	  0.43326	1.3e-46	       243	        3330	       5745	2.1e-107	        -245.61	1.0e0	           0.00	
   3	MA0613.1	FOXG1	RTAAACAW	4.3e-41	   3.4e-44	        -100.09	         0.0	    211.0	        493	        1293	       2234	  0.42799	1.4e-46	       246	        1720	       2826	1.1e-80	        -184.14	1.0e0	           0.00	
   3	FOXC1_HUMAN.H11MO.0.C		CDWTGTTTACTTWRG	5.3e-40	   4.2e-43	         -97.57	         0.0	    196.0	        486	        1685	       3195	  0.40329	1.7e-45	       242	        2144	       3900	1.9e-73	        -167.45	1.0e0	           0.00	
   3	MA0030.1	FOXF2	BNAASGTAAACAAD	8.4e-40	   6.7e-43	         -97.11	         0.0	    219.0	        487	        1769	       3068	  0.44969	2.8e-45	       243	        2294	       3709	1.8e-92	        -211.22	1.0e0	           0.00	
   3	MA1489.1	FOXN3	GTAAACAA	6.1e-36	   4.9e-39	         -88.21	         0.0	    167.0	        493	        1730	       3908	  0.33874	2.0e-41	       246	        2217	       4613	1.8e-85	        -195.13	1.0e0	           0.00	
   3	MA0814.2	TFAP2C	NNGCCTGAGGCGNN	4.3e-34	   3.4e-37	         -83.97	         0.0	    275.0	        487	        3762	       5794	  0.56468	1.4e-39	       243	        2262	       4174	1.0e0	           0.00	5.2e-25	         -55.92	
   3	FOXK1_HUMAN.H11MO.0.A		TGTTTMCHTT	1.7e-32	   1.4e-35	         -80.28	         0.0	    165.0	        491	        2614	       6321	  0.33605	5.6e-38	       245	        2857	       6507	2.4e-64	        -146.51	1.0e0	           0.00	
   3	MA0041.2	FOXD3	WAWGHAAATAAACARY	7.0e-28	   5.6e-31	         -69.66	         0.0	    171.0	        485	        2520	       5883	  0.35258	2.3e-33	       242	        2977	       6344	7.5e-79	        -179.89	1.0e0	           0.00	
   3	AP2B_HUMAN.H11MO.0.B		GCCYGVGGGS	1.2e-27	   9.5e-31	         -69.13	         0.0	    275.0	        491	        3810	       5990	  0.56008	3.9e-33	       245	        2704	       4988	1.0e0	           0.00	2.9e-21	         -47.30	
   3	MA0593.1	FOXP2	RWGTAAACAVR	1.2e-26	   9.5e-30	         -66.83	         0.0	    226.0	        490	        2207	       3982	  0.46122	3.9e-32	       244	        2738	       4604	2.0e-71	        -162.78	1.0e0	           0.00	
   3	MA0154.4	EBF1	NNTCCCCAGGGGANN	1.0e-21	   8.1e-25	         -55.47	         0.0	    226.0	        486	        2904	       5396	  0.46502	3.4e-27	       242	        1800	       3991	1.0e0	           0.00	1.2e-14	         -32.09	
   3	MA0040.1	Foxq1	HATTGTTTATW	6.3e-19	   5.0e-22	         -49.05	         0.0	    262.0	        490	        2373	       3854	  0.53469	2.0e-24	       244	        2995	       4629	8.7e-52	        -117.57	1.0e0	           0.00	
   3	MA1604.1	Ebf2	NYCCCAAGGGANN	7.1e-18	   5.7e-21	         -46.62	         0.0	    258.0	        488	        3279	       5510	  0.52869	2.3e-23	       243	        2212	       4220	1.0e0	           0.00	4.5e-10	         -21.51	
   3	MA1637.1	EBF3	NYCCCAAGGGANN	7.2e-18	   5.7e-21	         -46.61	         0.0	    274.0	        488	        3432	       5469	  0.56148	2.4e-23	       243	        2256	       4082	1.0e0	           0.00	2.4e-11	         -24.43	
   3	ANDR_HUMAN.H11MO.0.A		TGTTCTTKKYTGTTTRYW	3.2e-16	   2.6e-19	         -42.80	         0.0	    221.0	        483	        3086	       5945	  0.45756	1.1e-21	       241	        3612	       6344	6.8e-69	        -156.96	1.0e0	           0.00	
   3	FOXP1_HUMAN.H11MO.0.A		TBTGTTTMY	4.1e-15	   3.3e-18	         -40.26	         0.0	    210.0	        492	        3058	       6309	  0.42683	1.3e-20	       245	        3237	       6497	8.7e-29	         -64.61	1.0e0	           0.00	
   3	FOXO4_HUMAN.H11MO.0.C		TTGTTTAYK	2.3e-13	   1.9e-16	         -36.22	         0.0	    228.0	        492	        2827	       5402	  0.46341	7.6e-19	       245	        3267	       5791	5.5e-51	        -115.73	1.0e0	           0.00	
   3	FOXO1_HUMAN.H11MO.0.A		KBBYTGTTTHCN	6.4e-12	   5.1e-15	         -32.91	         0.0	    183.0	        489	        2695	       6329	  0.37423	2.1e-17	       244	        2793	       6495	4.7e-18	         -39.90	1.0e0	           0.00	
   3	MA0766.2	GATA5	SWGATAASRN	9.6e-11	   7.7e-14	         -30.20	         0.0	    187.0	        491	        1795	       4050	  0.38086	3.1e-16	       245	        2257	       4630	6.2e-47	        -106.40	1.0e0	           0.00	
   3	COE1_HUMAN.H11MO.0.A		ADBTCCCCAGGGAVH	4.6e-10	   3.7e-13	         -28.64	         0.0	    256.0	        486	        2953	       5074	  0.52675	1.5e-15	       242	        1917	       3728	1.0e0	           0.00	3.7e-8	         -17.11	
   3	GCR_HUMAN.H11MO.0.A		RGAACABMVTGTNCY	1.1e-9	   8.6e-13	         -27.78	         0.0	    188.0	        486	        2515	       5752	  0.38683	3.6e-15	       242	        2755	       5771	3.6e-42	         -95.43	1.0e0	           0.00	
   3	MA0036.3	GATA2	NBCTTATCTNH	2.0e-9	   1.6e-12	         -27.14	         0.0	    202.0	        490	        2519	       5427	  0.41224	6.7e-15	       244	        3069	       5901	2.5e-60	        -137.25	1.0e0	           0.00	
   3	MA0007.3	Ar	RGGWACAYNGTGTWCYY	2.3e-9	   1.8e-12	         -27.04	         0.0	    182.0	        484	         459	        915	  0.37603	7.5e-15	       241	         519	        905	5.2e-31	         -69.74	1.0e0	           0.00	
   3	MA0113.3	NR3C1	DRGWACAYDRTGTWCYH	9.2e-8	   7.4e-11	         -23.33	         0.0	    182.0	        484	         300	        571	  0.37603	3.1e-13	       241	         396	        670	4.1e-27	         -60.76	1.0e0	           0.00	
   3	MA1655.1	ZNF341	NRGAACAGCCNN	1.3e-7	   1.1e-10	         -22.96	         0.0	    167.0	        489	        2277	       5897	  0.34151	4.4e-13	       244	        2014	       5620	6.4e-1	          -0.44	2.4e-1	          -1.45	
   3	MA0084.1	SRY	NWWAACAAT	3.1e-6	   2.5e-9	         -19.82	         0.0	    224.0	        492	        3067	       6159	  0.45528	1.0e-11	       245	        3369	       6476	1.9e-23	         -52.34	1.0e0	           0.00	
   3	MA0627.2	POU2F3	NWTATGCAAATNH	9.0e-6	   7.1e-9	         -18.76	         0.0	    108.0	        488	        1227	       4684	  0.22131	2.9e-11	       243	        1422	       5384	2.0e-11	         -24.66	1.0e0	           0.00	
   3	DBP_HUMAN.H11MO.0.B		VTTATGYAABM	1.2e-5	   9.4e-9	         -18.48	         0.0	    214.0	        490	        2770	       5777	  0.43673	3.9e-11	       244	        2822	       6140	4.0e-2	          -3.22	9.8e-1	          -0.02	
   3	MA0813.1	TFAP2B	TGCCCYBRGGGCA	1.3e-5	   1.0e-8	         -18.38	         0.0	    260.0	        488	         972	       1583	  0.53279	4.3e-11	       243	         283	        554	1.0e0	           0.00	3.5e-3	          -5.64	
   3	PRGR_HUMAN.H11MO.0.A		RGAACATTYTGTTCTB	2.5e-5	   2.0e-8	         -17.74	         0.0	    189.0	        485	        2550	       5922	  0.38969	8.1e-11	       242	        2835	       5985	1.6e-37	         -84.74	1.0e0	           0.00	
   3	MA0479.1	FOXH1	BNSAATCCACA	4.7e-5	   3.8e-8	         -17.09	         0.0	    202.0	        490	        1393	       2967	  0.41224	1.5e-10	       244	        1806	       3541	1.2e-29	         -66.60	1.0e0	           0.00	
   3	GATA6_HUMAN.H11MO.0.A		DVAGATAAGAWAA	4.8e-5	   3.8e-8	         -17.08	         0.0	    224.0	        488	        2487	       4936	  0.45902	1.6e-10	       243	        2895	       5390	2.2e-28	         -63.68	1.0e0	           0.00	
   3	MA1712.1	ZNF454	DGGCTCSSGGCCCYGVKG	1.1e-4	   9.0e-8	         -16.23	         0.0	    255.0	        483	        2371	       4118	  0.52795	3.7e-10	       241	        1166	       2291	1.0e0	           0.00	4.3e-5	         -10.06	
   3	GATA4_HUMAN.H11MO.0.A		DSAGATAAGA	1.7e-4	   1.4e-7	         -15.81	         0.0	    215.0	        491	        2816	       5899	  0.43788	5.6e-10	       245	        3177	       6121	4.7e-35	         -79.05	1.0e0	           0.00	
   3	MA0815.1	TFAP2C	TGCCCYSRGGGCA	1.8e-4	   1.4e-7	         -15.75	         0.0	    260.0	        488	         908	       1485	  0.53279	5.9e-10	       243	         255	        510	1.0e0	           0.00	1.8e-3	          -6.33	
   3	MA0727.1	NR3C2	KRGWACAYWRTGTWCYH	2.3e-4	   1.8e-7	         -15.52	         0.0	    318.0	        484	         424	        546	  0.65702	7.5e-10	       241	         542	        647	8.5e-23	         -50.82	1.0e0	           0.00	
   3	MA2002.1	Zfp335	VNTCAGGCANH	3.9e-4	   3.1e-7	         -15.00	         0.0	    230.0	        490	        3039	       5983	  0.46939	1.3e-9	       244	        2713	       5699	1.0e0	           0.00	7.1e-2	          -2.64	
   3	MA0872.1	TFAP2A	TGCCCYSRGGGCA	3.9e-4	   3.1e-7	         -14.98	         0.0	    240.0	        488	         993	       1764	  0.49180	1.3e-9	       243	         314	        688	1.0e0	           0.00	3.1e-4	          -8.07	
   3	MA1104.2	GATA6	HWWTCTTATCTNH	4.1e-4	   3.3e-7	         -14.93	         0.0	    198.0	        488	        2545	       5723	  0.40574	1.3e-9	       243	        3023	       6125	1.4e-41	         -94.06	1.0e0	           0.00	
   3	MA1970.1	TRPS1	NHTCTTATCTNH	5.0e-4	   4.0e-7	         -14.74	         0.0	    203.0	        489	        2689	       5932	  0.41513	1.6e-9	       244	        3155	       6273	1.7e-42	         -96.18	1.0e0	           0.00	
   3	MA1947.1	ETV5::FOXO1	GTMAACAGGAWRY	1.4e-3	   1.1e-6	         -13.69	         0.0	     66.0	        488	         897	       5523	  0.13525	4.7e-9	       243	         823	       5354	1.3e-2	          -4.32	1.0e0	          -0.00	
   3	GATA1_HUMAN.H11MO.0.A		STGBNNNDNVSAGATAAGV	1.8e-3	   1.4e-6	         -13.45	         0.0	    234.0	        482	        2833	       5403	  0.48548	6.0e-9	       240	        3126	       5498	7.3e-33	         -73.99	1.0e0	           0.00	
   3	MA0671.1	NFIX	NNTGCCAAN	2.1e-3	   1.7e-6	         -13.31	         0.0	    264.0	        492	        3614	       6316	  0.53659	6.8e-9	       245	        3566	       6402	1.3e-1	          -2.07	1.0e0	          -0.00	
   3	MA0035.4	GATA1	NHCTAATCTDH	2.1e-3	   1.7e-6	         -13.31	         0.0	    184.0	        490	        2455	       5968	  0.37551	6.8e-9	       244	        2765	       6364	9.3e-20	         -43.82	1.0e0	           0.00	
   3	MA1953.1	FOXO1::ELF1	RTMAACAGGAAGTN	3.4e-3	   2.7e-6	         -12.81	         0.0	    149.0	        487	        1872	       5487	  0.30595	1.1e-8	       243	        1842	       5434	2.3e-5	         -10.69	1.0e0	           0.00	
   3	MA0670.1	NFIA	NDTGCCAAND	1.2e-2	   1.0e-5	         -11.52	         0.0	    149.0	        491	         826	       2323	  0.30346	4.1e-8	       245	         760	       2284	2.7e-1	          -1.33	1.0e0	          -0.00	
   3	MA0037.4	Gata3	NHTCTTATCTNH	1.5e-2	   1.2e-5	         -11.33	         0.0	    135.0	        489	        1853	       6031	  0.27607	4.9e-8	       244	        2166	       6292	4.0e-30	         -67.70	1.0e0	           0.00	
   3	MA0043.3	HLF	NNRTTATGCAACHN	1.5e-2	   1.2e-5	         -11.33	         0.0	    379.0	        487	        2649	       3244	  0.77823	5.0e-8	       243	        3072	       3811	3.8e-3	          -5.56	1.0e0	          -0.00	
   3	MA0002.2	Runx1	BBYTGTGGTTT	1.9e-2	   1.5e-5	         -11.10	         0.0	    230.0	        490	        3125	       6213	  0.46939	6.2e-8	       244	        2888	       6214	1.0e0	           0.00	2.7e-3	          -5.93	
   3	MA1954.1	FOXO1::ELK1	RWMAACAGGAAGTD	3.7e-2	   3.0e-5	         -10.42	         0.0	    121.0	        487	        1261	       4466	  0.24846	1.2e-7	       243	        1137	       4203	1.3e-1	          -2.08	1.0e0	          -0.00	
   3	PO2F2_HUMAN.H11MO.0.A		AYATGCAAATK	7.0e-2	   5.5e-5	          -9.80	         0.0	     84.0	        490	        1169	       5945	  0.17143	2.3e-7	       244	        1108	       6211	1.0e0	          -0.00	7.3e-1	          -0.32	
   3	MA1955.1	FOXO1::ELK3	RWMAACAGGAAGTN	7.0e-2	   5.6e-5	          -9.79	         0.0	    161.0	        487	        1289	       3470	  0.33060	2.3e-7	       243	        1296	       3424	5.6e-7	         -14.39	1.0e0	           0.00	
   3	MA1581.1	ZBTB6	DNSCTTGAGCCNV	7.5e-2	   6.0e-5	          -9.72	         0.0	    178.0	        488	        2222	       5590	  0.36475	2.5e-7	       243	        1511	       4728	1.0e0	           0.00	2.9e-14	         -31.18	
   3	MA0788.1	POU3F3	WWTATGCWAATTW	1.0e-1	   7.9e-5	          -9.44	         0.0	    140.0	        488	        1381	       4292	  0.28689	3.3e-7	       243	        1710	       5289	9.3e-7	         -13.88	1.0e0	           0.00	
   3	MA0119.1	NFIC::TLX1	TGGCASSRWGCCAA	1.3e-1	   1.0e-4	          -9.18	         0.0	    219.0	        487	         649	       1249	  0.44969	4.2e-7	       243	         427	        851	2.7e-1	          -1.31	1.0e0	           0.00	
   3	NFIA_HUMAN.H11MO.0.C		TTGGCHNRNWGCCAR	1.5e-1	   1.2e-4	          -9.04	         0.0	    324.0	        486	        4280	       6150	  0.66667	4.9e-7	       242	        3989	       5922	1.0e0	          -0.00	6.5e-1	          -0.43	
   3	MA0597.2	THAP1	VSGCAGGGCASV	1.6e-1	   1.3e-4	          -8.98	         0.0	    329.0	        489	        4034	       5739	  0.67280	5.1e-7	       244	        3172	       4881	1.0e0	           0.00	7.7e-7	         -14.07	
   3	STF1_HUMAN.H11MO.0.B		SYYCAAGGYCA	2.0e-1	   1.6e-4	          -8.77	         0.0	    166.0	        490	        2235	       6065	  0.33878	6.4e-7	       244	        1953	       5658	1.0e0	           0.00	6.6e-1	          -0.41	
   3	MA0639.1	DBP	NRTTACGTAAYV	2.2e-1	   1.7e-4	          -8.67	         0.0	    211.0	        489	         628	       1256	  0.43149	7.1e-7	       244	         732	       1548	1.4e-1	          -1.98	1.0e0	          -0.00	
   3	MA1936.1	ERF::FOXO1	RTMAACAGGAARBS	2.6e-1	   2.1e-4	          -8.49	         0.0	    307.0	        487	        3315	       5000	  0.63039	8.5e-7	       243	        3134	       4729	5.0e-4	          -7.61	1.0e0	           0.00	
   3	FOSL1_HUMAN.H11MO.0.A		KRVTGAGTCAYH	2.8e-1	   2.3e-4	          -8.40	         0.0	    285.0	        489	        1750	       2789	  0.58282	9.2e-7	       244	        1704	       2724	8.0e-4	          -7.13	1.0e0	           0.00	
   3	MA0025.2	NFIL3	NRTTATGYAATNN	2.9e-1	   2.3e-4	          -8.39	         0.0	    212.0	        488	        2211	       4714	  0.43443	9.4e-7	       243	        2537	       5402	2.6e-5	         -10.55	1.0e0	           0.00	
   3	TAL1_HUMAN.H11MO.0.A		CTGSNVVSBRSWGATAAGV	3.4e-1	   2.7e-4	          -8.21	         0.0	    276.0	        482	        2671	       4394	  0.57261	1.1e-6	       240	        2707	       4176	2.7e-21	         -47.36	1.0e0	           0.00	
   3	MA0161.2	NFIC	NNCTTGGCANN	4.3e-1	   3.4e-4	          -7.98	         0.0	    290.0	        490	        3623	       5825	  0.59184	1.4e-6	       244	        3424	       5601	3.1e-1	          -1.18	1.0e0	          -0.00	
   3	MA0738.1	HIC2	RTGCCCRSB	4.6e-1	   3.7e-4	          -7.91	         0.0	    332.0	        492	        4390	       6250	  0.67480	1.5e-6	       245	        4172	       6277	1.0e0	           0.00	7.4e-4	          -7.20	
   3	MA0836.2	CEBPD	NRTTGCACAAYHN	4.7e-1	   3.7e-4	          -7.89	         0.0	    214.0	        488	        2395	       5082	  0.43852	1.5e-6	       243	        2464	       5319	3.4e-2	          -3.38	1.0e0	           0.00	
   3	MYB_HUMAN.H11MO.0.A		RVWGRCAGTTRR	4.7e-1	   3.7e-4	          -7.89	         0.0	    187.0	        489	        2423	       5879	  0.38241	1.5e-6	       244	        2255	       5875	1.0e0	           0.00	2.0e-1	          -1.61	
   3	GATA2_HUMAN.H11MO.0.A		STGBNNNNNDVAGATAAGR	5.2e-1	   4.2e-4	          -7.78	         0.0	    220.0	        482	        2598	       5321	  0.45643	1.7e-6	       240	        2911	       5446	1.0e-28	         -64.43	1.0e0	           0.00	
   3	PO2F1_HUMAN.H11MO.0.C		AWKBRWATGSAAWYAW	5.5e-1	   4.4e-4	          -7.74	         0.0	     57.0	        485	         792	       5753	  0.11753	1.8e-6	       242	         758	       6099	1.0e0	          -0.00	9.8e-1	          -0.02	
   3	ZN317_HUMAN.H11MO.0.C		GAHTRACAGCWGACTTCTCA	8.9e-1	   7.1e-4	          -7.26	         0.0	    311.0	        481	        2661	       3907	  0.64657	2.9e-6	       240	        2496	       3776	1.0e0	          -0.00	1.0e0	          -0.00	
   3	FOXQ1_HUMAN.H11MO.0.C		HATTGTTTATTT	1.1e0	   8.4e-4	          -7.08	         0.0	    237.0	        489	        1190	       2235	  0.48466	3.4e-6	       244	        1674	       2988	2.1e-14	         -31.48	1.0e0	           0.00	
   3	MA0789.1	POU3F4	TATGCWAAT	1.4e0	   1.1e-3	          -6.79	         0.0	    108.0	        492	         952	       3812	  0.21951	4.6e-6	       245	        1192	       4725	1.1e-5	         -11.39	1.0e0	           0.00	
   3	CEBPB_HUMAN.H11MO.0.A		DRTTRYGCAATM	1.5e0	   1.2e-3	          -6.76	         0.0	    245.0	        489	        1993	       3707	  0.50102	4.8e-6	       244	        2076	       3960	3.4e-1	          -1.06	1.0e0	          -0.00	
   3	MA1561.1	SOX12	ACCGAACAATV	1.6e0	   1.2e-3	          -6.69	         0.0	    274.0	        490	        2416	       4071	  0.55918	5.1e-6	       244	        2685	       4362	6.0e-12	         -25.84	1.0e0	           0.00	
   3	MA1101.2	BACH2	DWANCATGASTCATSNTWH	1.7e0	   1.4e-3	          -6.61	         0.0	    280.0	        482	         480	        726	  0.58091	5.6e-6	       240	         427	        667	2.2e-1	          -1.53	1.0e0	           0.00	
   3	MA1473.1	CDX4	GGYMATAAAAC	1.8e0	   1.5e-3	          -6.53	         0.0	    350.0	        490	        1564	       2065	  0.71429	6.0e-6	       244	        1854	       2553	1.0e0	          -0.00	8.8e-1	          -0.12	
   3	MA1726.1	ZNF331	NMYTGCAGAGCCCH	1.9e0	   1.5e-3	          -6.50	         0.0	    267.0	        487	        2893	       4996	  0.54825	6.2e-6	       243	        2209	       4154	1.0e0	           0.00	7.8e-4	          -7.16	
   3	CEBPA_HUMAN.H11MO.0.A		DRTTGTGCAAYV	2.3e0	   1.8e-3	          -6.30	         0.0	    199.0	        489	        2179	       4982	  0.40695	7.5e-6	       244	        2130	       5052	9.8e-1	          -0.02	1.0e0	          -0.00	
   3	MA0842.2	NRL	AAWWNTGCTGACG	2.7e0	   2.1e-3	          -6.15	         0.0	    260.0	        488	        1375	       2384	  0.53279	8.8e-6	       243	        1422	       2484	8.6e-3	          -4.75	1.0e0	           0.00	
   3	MA0140.2	GATA1::TAL1	MTTATCWSNNNNNHVCAG	3.3e0	   2.6e-3	          -5.94	         0.0	    249.0	        483	        1532	       2755	  0.51553	1.1e-5	       241	        1818	       3097	2.2e-13	         -29.12	1.0e0	           0.00	
   3	MA1942.1	ETV2::FOXI1	BGTAAACAGGAAGYR	3.5e0	   2.8e-3	          -5.89	         0.0	    254.0	        486	        2846	       5155	  0.52263	1.2e-5	       242	        2700	       4867	9.8e-4	          -6.93	1.0e0	           0.00	
   3	MA1980.1	ZNF418	MDGAGGCTAAAAGCA	4.4e0	   3.5e-3	          -5.64	         0.0	    262.0	        486	        2027	       3530	  0.53909	1.5e-5	       242	        1692	       3050	1.0e0	          -0.00	1.0e0	          -0.00	
   3	MA1123.2	TWIST1	NNDCCAGATGTBN	5.5e0	   4.3e-3	          -5.44	         0.0	    214.0	        488	        2715	       5833	  0.43852	1.8e-5	       243	        2553	       5735	1.0e0	           0.00	9.7e-1	          -0.03	
   3	MA0878.3	CDX1	GGYMATAAAA	5.9e0	   4.7e-3	          -5.36	         0.0	    291.0	        491	        1948	       3097	  0.59267	1.9e-5	       245	        2253	       3740	1.0e0	          -0.00	9.6e-1	          -0.04	
   3	MA1950.1	FLI1::FOXI1	RTAAACAGGAARYN	6.1e0	   4.8e-3	          -5.33	         0.0	    307.0	        487	        3353	       5095	  0.63039	2.0e-5	       243	        3275	       4949	5.8e-4	          -7.45	1.0e0	           0.00	
   3	MA1141.1	FOS::JUND	NKATGAGTCATNN	6.3e0	   5.0e-3	          -5.30	         0.0	    256.0	        488	        1608	       2856	  0.52459	2.1e-5	       243	        1607	       2871	2.1e-2	          -3.88	1.0e0	           0.00	
   3	MA0785.1	POU2F1	AWTATGCWAATK	6.4e0	   5.1e-3	          -5.27	         0.0	    107.0	        489	        1169	       4799	  0.21881	2.1e-5	       244	        1340	       5574	1.5e-2	          -4.21	1.0e0	           0.00	
   3	SOX5_HUMAN.H11MO.0.C		YATTGTTW	6.9e0	   5.5e-3	          -5.20	         0.0	    279.0	        493	        3580	       6048	  0.56592	2.3e-5	       246	        3813	       6432	1.6e-3	          -6.44	1.0e0	           0.00	
   3	MA1988.1	Atf3	NRTGACTCABN	7.1e0	   5.7e-3	          -5.17	         0.0	     72.0	        490	         849	       5063	  0.14694	2.3e-5	       244	         774	       5160	1.0e0	           0.00	8.7e-1	          -0.14	
   3	MA0647.1	GRHL1	AAAACCGGTTTD	7.5e0	   6.0e-3	          -5.12	         0.0	    193.0	        489	         909	       2073	  0.39468	2.5e-5	       244	         929	       2149	5.0e-2	          -3.00	1.0e0	           0.00	
   3	GATA3_HUMAN.H11MO.0.A		RVAGATAAVAD	8.7e0	   7.0e-3	          -4.97	         0.0	    110.0	        490	        1536	       6243	  0.22449	2.9e-5	       244	        1747	       6469	1.2e-15	         -34.40	1.0e0	           0.00	
   3	MA0764.3	ETV4	ACCGGAAGTR	9.2e0	   7.3e-3	          -4.92	         0.0	    117.0	        491	        1005	       3769	  0.23829	3.0e-5	       245	         746	       3052	1.0e0	           0.00	9.9e-1	          -0.01	
   3	MA1946.1	ETV5::FOXI1	GTAAACAGGAWGY	9.9e0	   7.9e-3	          -4.84	         0.0	     66.0	        488	         693	       4437	  0.13525	3.3e-5	       243	         656	       4181	7.2e-3	          -4.93	1.0e0	           0.00	

# CentriMo (Local Motif Enrichment Analysis): Version 5.4.1 compiled on May 17 2022 at 23:53:34
# The format of this file is described at http://meme-suite.org/doc/centrimo-output-format.html.
# centrimo -seqlen 500 -verbosity 1 -oc output/meme/all4_tfap2b_vs_notfap2b/centrimo_out -bfile output/meme/all4_tfap2b_vs_notfap2b/background -neg output/meme/all4_tfap2b_vs_notfap2b/ar_foxa1_gata3_no_tfap2b.fa output/meme/all4_tfap2b_vs_notfap2b/ar_foxa1_gata3_tfap2b.fa output/meme/all4_tfap2b_vs_notfap2b/meme_out/meme.xml output/meme/all4_tfap2b_vs_notfap2b/streme_out/streme.xml data/external/MOTIFS.meme
